Label,Description,Expression,DRIVEALONE,SHARED2,SHARED3,WALK,BIKE,WALK_TRANSIT,PNR_TRANSIT,KNR_TRANSIT,BIKE_TRANSIT,TAXI,TNC_SINGLE,TNC_SHARED,SCH_BUS,EBIKE,ESCOOTER
#,Drive alone,,,,,,,,,,,,,,,,
util_DRIVEALONEFREE_Unavailable,Drive alone - Unavailable,sov_available == False,-999,,,,,,,,,,,,,,
util_Drive alone - In-vehicle time,Drive alone - In-vehicle time,(da_time_skims) * autoIVTFactor * time_factor,coef_ivt,,,,,,,,,,,,,,
util_Drive alone - cost,Drive alone - cost,"@(df.auto_op_cost * df.autoCPMFactor * df.da_dist_skims + df.da_cost_skims)*100/(np.maximum(df.income,1000)**df.income_exponent)",coef_income,,,,,,,,,,,,,,
util_Drive alone - Parking cost ,Drive alone - Parking cost ,"@(df.parkingCost * df.autoParkingCostFactor)*100/(np.maximum(df.income,1000)**df.income_exponent)",coef_income,,,,,,,,,,,,,,
util_Drive alone - Terminal Time,Drive alone - Terminal Time,(oTermTime + dTermTime) * autoTermTimeFactor * time_factor,coef_acctime,,,,,,,,,,,,,,
#,Shared ride2,,,,,,,,,,,,,,,,
util_sr2_available,sr2 available,sr2_available == False,,-999,,,,,,,,,,,,,
util_sr2_tourbike_disadvantage,sr2 tourbike disadvantage,tourBike,,-30,,,,,,,,,,,,,
util_Shared ride 2 - In -vehicle time,Shared ride 2 - In -vehicle time,(s2_time_skims) * autoIVTFactor * time_factor,,coef_ivt,,,,,,,,,,,,,
util_Shared ride 2 -  cost,Shared ride 2 -  cost,"@((df.auto_op_cost * df.autoCPMFactor * df.s2_dist_skims) + df.s2_cost_skims)*100/(np.maximum(df.income,1000)**df.income_exponent)",,coef_income,,,,,,,,,,,,,
util_Shared ride 2 - Parking cost ,Shared ride 2 - Parking cost ,"@(df.parkingCost * df.autoParkingCostFactor * np.where(df.is_joint,1,df.costFactorS2))*100/(np.maximum(df.income,1000)**df.income_exponent)",,coef_income,,,,,,,,,,,,,
util_Shared ride 2  Terminal Time - acc,Shared ride 2 - Terminal Time ,(oTermTime + dTermTime) * autoTermTimeFactor * time_factor,,coef_acctime,,,,,,,,,,,,,
util_Shared ride 2 _Two_person_household,Shared ride 2 - Two person household,@(df.hhsize == 2),,coef_size2_sr2,,,,,,,,,,,,,
util_Shared ride 2 _Three_person_household,Shared ride 2 - Three person household,@(df.hhsize == 3),,coef_size3_sr2,,,,,,,,,,,,,
util_Shared ride 2 _Four+_person_household,Shared ride 2 - Four plus person household,@(df.hhsize > 3),,coef_size4p_sr2,,,,,,,,,,,,,
util_Shared ride 2 - Female,Shared ride 2 - female,@(df.female == 1),,coef_female_sr2,,,,,,,,,,,,,
#,Shared ride 3,,,,,,,,,,,,,,,,
util_sr3_available,sr3 available,sr3_available == False,,,-999,,,,,,,,,,,,
util_sr3_tourbike_disadvantage,sr3 tourbike disadvantage,tourBike,,,-30,,,,,,,,,,,,
util_Shared ride 3 - In -vehicle time,Shared ride 3 - In -vehicle time,(s3_time_skims) * autoIVTFactor * time_factor,,,coef_ivt,,,,,,,,,,,,
util_Shared ride 3 - Cost ,Shared ride 3 -  cost,"@(df.auto_op_cost * df.s3_dist_skims * df.autoCPMFactor + df.s3_cost_skims)*100/(np.maximum(df.income,1000)**df.income_exponent)",,,coef_income,,,,,,,,,,,,
util_Shared ride 3 - Parking cost ,Shared ride 3 - Parking cost ,"@(df.parkingCost * df.autoParkingCostFactor * np.where(df.is_joint,1,df.costFactorS3))*100/(np.maximum(df.income,1000)**df.income_exponent)",,,coef_income,,,,,,,,,,,,
util_Shared ride 3 - Terminal Time,Shared ride 3 - Terminal Time,(oTermTime + dTermTime) * autoTermTimeFactor * time_factor,,,coef_acctime,,,,,,,,,,,,
util_Shared ride 3 - Two_person_household,Shared ride 3 - Two person household,@(df.hhsize == 2),,,coef_size2_sr3p,,,,,,,,,,,,
util_Shared ride 3 - Three_person_household,Shared ride 3 - Three person household,@(df.hhsize == 3),,,coef_size3_sr3p,,,,,,,,,,,,
util_Shared ride 3 - Four+_person_household,Shared ride 3 - Four plus person household,@(df.hhsize > 3),,,coef_size4p_sr3p,,,,,,,,,,,,
util_Shared ride 3 - Female,Shared ride 3 - female,@(df.female == 1),,,coef_female_sr3p,,,,,,,,,,,,
#,Walk,,,,,,,,,,,,,,,,
#,school escorting can force longer walk trips so not turning off completely if walk tour,,,,,,,,,,,,,,,,
util_Walk - Unavailable,Walk - Unavailable,(walkAvailable == 0) & (tourWalk == 0),,,,-999,,,,,,,,,,,
util_Walk - Unavailable - walkTour,Walk - Unavailable - Walk Tour,(walkAvailable == 0) & (tourWalk == 1),,,,-20,,,,,,,,,,,
util_Walk - Female,Walk - Female,@df.female,,,,coef_female_nmot,,,,,,,,,,,
util_Walk - time,Walk - time - clipped for really long walk trips to avoid zero probs,@(df.walk_time_skims * df.time_factor).clip(upper=1000),,,,coef_walkTime,,,,,,,,,,,
util_Walk - Origin Mix,Walk - Origin Mix,oMix,,,,coef_oMix_nmot,,,,,,,,,,,
util_Walk - Origin Intersection Density,Walk - Origin Intersection Density,oTotInt,,,,coef_oIntDen_nmot,,,,,,,,,,,
util_Walk - Destination Employment Density,Walk - Destination Employment Density,dEmpDen,,,,coef_dEmpDen_nmot,,,,,,,,,,,
util_Walk - Age 1-5 (school only),Walk - Age 1-6,"@df.age.between(1,5)",,,,coef_age1to5_nmot,,,,,,,,,,,
util_Walk - Age 6-12 (school only),Walk - Age 6-13,"@df.age.between(6,12)",,,,coef_age6to12_nmot,,,,,,,,,,,
util_Walk - Age 13-15 (school only),Walk - Age 13-16,"@df.age.between(13,15)",,,,coef_age13to15_nmot,,,,,,,,,,,
#,Bike,,,,,,,,,,,,,,,,
util_BIKE_Mode unavailable,Bike - Mode unavailable unless on bike tour,@(df.tourBike == 0)|(df.bike_time <= 0),,,,,-999,,,,,,,,,,
util_BIKE_Female - bike,Bike - Female,@df.female,,,,,coef_female_nmot,,,,,,,,,,
util_BIKE_Bike - logsum,Bike - logsum clipped to allow for long bike trips on school escort tours,@df.bike_logsum.clip(lower=-100),,,,,coef_bikeLogsum,,,,,,,,,,
#,WALK_TRANSIT,,,,,,,,,,,,,,,,
util_WalkTransit_Unavailable,WalkTransit_Available,walk_transit_available == False,,,,,,-999,,,,,,,,,
util_WALK_TRANSIT_In_vehicle_time,WALK_TRANSIT - In-vehicle time,@(odt_skims['WTW_TIV']) * df.time_factor,,,,,,coef_ivt,,,,,,,,,
util_WALK_TRANSIT_iwait_time,WALK_TRANSIT - wait time,@(odt_skims['WTW_FWT']) * df.time_factor,,,,,,coef_wait,,,,,,,,,
util_WALK_TRANSIT_transfer_wait_time,WALK_TRANSIT - transfer wait time,@(odt_skims['WTW_XWT'])* df.time_factor,,,,,,coef_xwait,,,,,,,,,
util_WALK_TRANSIT_Walk_access_time,WALK_TRANSIT - Walk  time,@(df.walk_transit_walk_time) * df.time_factor,,,,,,coef_acctime,,,,,,,,,
util_WALK_TRANSIT_transfer_walk_time,WALK_TRANSIT - transfer walk time,@(odt_skims['WTW_AUX'])* df.time_factor,,,,,,coef_xwalk,,,,,,,,,
util_WALK_TRANSIT_transfers_penalty,WALK_TRANSIT - number of transfers,"@(-23+23*np.exp(0.414*np.clip(odt_skims['WTW_XFR'], a_min=None,a_max=4))) * df.time_factor",,,,,,coef_xfer,,,,,,,,,
util_WALK_TRANSIT_fare,WALK_TRANSIT - Fare,"@df.transitSubsidyPassDiscount*df.get('TRANSIT_FF', 1)*(odt_skims['fare'])*100*df.number_of_participants/(np.maximum(df.income,1000)**df.income_exponent)",,,,,,coef_income,,,,,,,,,
util_WALK_TRANSIT - Female,WALK_TRANSIT - Female,@(df.female),,,,,,coef_female_tran,,,,,,,,,
util_WALK_TRANSIT - Origin Mix,WALK_TRANSIT - Origin Mix,oMix,,,,,,coef_oMix_wTran,,,,,,,,,
util_WALK_TRANSIT - Origin Intersection Density,WALK_TRANSIT - Origin Intersection Density,oTotInt,,,,,,coef_oIntDen_wTran,,,,,,,,,
util_WALK_TRANSIT - Destination Employment Density,WALK_TRANSIT - Destination Employment Density,dEmpDen,,,,,,coef_dEmpDen_wTran,,,,,,,,,
#,PNR_TRANSIT,,,,,,,,,,,,,,,,
# currently not allowing stops on PnR in stop frequency and enforcing symmetry for trip mode with below availability condition,,,,,,,,,,,,,,,,,
util_is_PNR_transit,Only allowed to take PNR transit on PNR tours,tourPNR,-999,-999,-999,-999,-999,-999,,-999,-999,-999,-999,-999,-999,-999,
#,KNR_TRANSIT,,,,,,,,,,,,,,,,
util_KNR_TRANSIT_OUT_Unavailable,KNR_TRANSIT - Unavailable,(knr_transit_available == False)|(KNR_implemented_and_available==0),,,,,,,,-999,,,,,,,
util_KNR_TRANSIT_OUT_In_vehicle_time,KNR_TRANSIT_OUT - In-vehicle time,@(df.ktw_ivt) * df.time_factor  * df.outbound,,,,,,,,coef_ivt,,,,,,,
util_KNR_TRANSIT_OUT_iwait_time,KNR_TRANSIT_OUT - First iwait time,@(df.ktw_fwt) * df.time_factor  * df.outbound,,,,,,,,coef_wait,,,,,,,
util_KNR_TRANSIT_OUT_transfer_wait_time,KNR_TRANSIT_OUT - transfer wait time,@(df.ktw_xwt) * df.time_factor  * df.outbound,,,,,,,,coef_xwait,,,,,,,
util_KNR_TRANSIT_OUT_number_of_transfers,KNR_TRANSIT_OUT - number of transfers,"@(-23+23*np.exp(0.414*np.clip(df.ktw_xfr, a_min=None,a_max=4))) * df.time_factor  * df.outbound",,,,,,,,coef_xferdrive,,,,,,,
util_KNR_TRANSIT_OUT_KNR_time,KNR_TRANSIT_OUT - KNR time,@(df.ktw_acc) * df.time_factor  * df.outbound,,,,,,,,coef_acctime,,,,,,,
util_KNR_TRANSIT_OUT_Walk_time,KNR_TRANSIT_OUT - Walk egress time (at attraction end),@df.knr_transit_walk_time_out * df.time_factor  * df.outbound,,,,,,,,coef_acctime,,,,,,,
util_KNR_TRANSIT_OUT_Walk_other_time,KNR_TRANSIT_OUT - Walk other time,@(df.ktw_aux) * df.time_factor  * df.outbound,,,,,,,,coef_xwalk,,,,,,,
util_KNR_TRANSIT_OUT_Fare,KNR_TRANSIT_OUT - Fare,"@df.transitSubsidyPassDiscount*df.get('TRANSIT_FF', 1)*(odt_skims['fare'])*100*df.number_of_participants/(np.maximum(df.income,1000)**df.income_exponent)  * df.outbound",,,,,,,,coef_income,,,,,,,
util_KNR_TRANSIT_OUT_drive_cost,KNR_TRANSIT_OUT - drive cost,"@(df.auto_op_cost * df.autoCPMFactor * df.ktw_drive_dist )*100*df.outbound/(np.maximum(df.income,1000)**df.income_exponent)",,,,,,,,coef_income,,,,,,,
util_KNR_TRANSIT_INB_In_vehicle_time,KNR_TRANSIT_INB - In-vehicle time,@(df.wtk_tiv) * df.time_factor * ~df.outbound,,,,,,,,coef_ivt,,,,,,,
util_KNR_TRANSIT_INB_iwait_time,KNR_TRANSIT_INB - First iwait time,@(df.wtk_fwt) * df.time_factor * ~df.outbound,,,,,,,,coef_wait,,,,,,,
util_KNR_TRANSIT_INB_transfer_wait_time,KNR_TRANSIT_INB - transfer wait time,@(df.wtk_xwt) * df.time_factor  * ~df.outbound,,,,,,,,coef_xwait,,,,,,,
util_KNR_TRANSIT_INB_number_of_transfers,KNR_TRANSIT_INB - number of transfers,"@(-23+23*np.exp(0.414*np.clip(df.wtk_xfr, a_min=None,a_max=4))) * df.time_factor  * ~df.outbound",,,,,,,,coef_xferdrive,,,,,,,
util_KNR_TRANSIT_INB_KNR_time,KNR_TRANSIT_INB - KNR time,@(df.wtk_egr) * df.time_factor  * ~df.outbound,,,,,,,,coef_acctime,,,,,,,
util_KNR_TRANSIT_INB_Walk_time,KNR_TRANSIT_INB - Walk access time,@df.knr_transit_walk_time_inb * df.time_factor  * df.outbound,,,,,,,,coef_acctime,,,,,,,
util_KNR_TRANSIT_INB_Walk_other_time,KNR_TRANSIT_INB - Walk other time,@(df.wtk_aux) * df.time_factor  * ~df.outbound,,,,,,,,coef_xwalk,,,,,,,
util_KNR_TRANSIT_INB_Fare,KNR_TRANSIT_INB - Fare ,"@df.transitSubsidyPassDiscount*df.get('TRANSIT_FF', 1)*(odt_skims['fare'])*100*df.number_of_participants/(np.maximum(df.income,1000)**df.income_exponent)  * ~df.outbound",,,,,,,,coef_income,,,,,,,
util_KNR_TRANSIT_INB_drive_cost,KNR_TRANSIT_INB - drive cost,"@(df.auto_op_cost * df.autoCPMFactor * df.wtk_drive_dist)*100*~df.outbound/(np.maximum(df.income,1000)**df.income_exponent)",,,,,,,,coef_income,,,,,,,
util_KNR_TRANSIT - Female,KNR_LOC - Female,@(df.female),,,,,,,,coef_female_tran,,,,,,,
util_KNR_TRANSIT - Destination Employment Density,KNR_LOC - Destination Employment Density,dEmpDen,,,,,,,,coef_dEmpDen_dTran,,,,,,,
#,BIKE_TRANSIT,,,,,,,,,,,,,,,,
util_BIKE_TRANSIT_Unavailable,BIKE_TRANSIT_Available,bike_transit_available == False | (BNR_available==0),,,,,,,,,-999,,,,,,
util_BIKE_TRANSIT_OUT_In_vehicle_time,BIKE_TRANSIT_OUT - In-vehicle time,@(df.ktw_ivt) * df.time_factor  * df.outbound,,,,,,,,,coef_ivt,,,,,,
util_BIKE_TRANSIT_OUT_iwait_time,BIKE_TRANSIT_OUT - First iwait time,@(df.ktw_fwt) * df.time_factor  * df.outbound,,,,,,,,,coef_wait,,,,,,
util_BIKE_TRANSIT_OUT_transfer_wait_time,BIKE_TRANSIT_OUT - transfer wait time,@(df.ktw_xwt) * df.time_factor  * df.outbound,,,,,,,,,coef_xwait,,,,,,
util_BIKE_TRANSIT_OUT_number_of_transfers,BIKE_TRANSIT_OUT - number of transfers,"@(-23+23*np.exp(0.414*np.clip(df.ktw_xfr, a_min=None,a_max=4))) * df.time_factor  * df.outbound",,,,,,,,,coef_xferdrive,,,,,,
util_BIKE_TRANSIT_OUT_bike_time,BIKE_TRANSIT_OUT - BIKE time,@(df.ktw_drive_dist * 60/10) * df.time_factor  * df.outbound,,,,,,,,,coef_acctime,,,,,,
util_BIKE_TRANSIT_OUT_Walk_time,BIKE_TRANSIT_OUT - Walk egress time (at attraction end),@df.knr_transit_walk_time_out * df.time_factor  * df.outbound,,,,,,,,,coef_acctime,,,,,,
util_BIKE_TRANSIT_OUT_Walk_other_time,BIKE_TRANSIT_OUT - Walk other time,@(df.ktw_aux) * df.time_factor  * df.outbound,,,,,,,,,coef_xwalk,,,,,,
util_BIKE_TRANSIT_OUT_Fare,BIKE_TRANSIT_OUT - Fare,"@df.transitSubsidyPassDiscount*df.get('TRANSIT_FF', 1)*(odt_skims['fare'])*100*df.number_of_participants/(np.maximum(df.income,1000)**df.income_exponent)  * df.outbound",,,,,,,,,coef_income,,,,,,
util_BIKE_TRANSIT_INB_In_vehicle_time,BIKE_TRANSIT_INB - In-vehicle time,@(df.wtk_tiv) * df.time_factor * ~df.outbound,,,,,,,,,coef_ivt,,,,,,
util_BIKE_TRANSIT_INB_iwait_time,BIKE_TRANSIT_INB - First iwait time,@(df.wtk_fwt) * df.time_factor * ~df.outbound,,,,,,,,,coef_wait,,,,,,
util_BIKE_TRANSIT_INB_transfer_wait_time,BIKE_TRANSIT_INB - transfer wait time,@(df.wtk_xwt) * df.time_factor  * ~df.outbound,,,,,,,,,coef_xwait,,,,,,
util_BIKE_TRANSIT_INB_number_of_transfers,BIKE_TRANSIT_INB - number of transfers,"@(-23+23*np.exp(0.414*np.clip(df.wtk_xfr, a_min=None,a_max=4))) * df.time_factor  * ~df.outbound",,,,,,,,,coef_xferdrive,,,,,,
util_BIKE_TRANSIT_INB_bike_time,BIKE_TRANSIT_INB - BIKE time,@(df.wtk_drive_dist * 60/10) * df.time_factor  * ~df.outbound,,,,,,,,,coef_acctime,,,,,,
util_BIKE_TRANSIT_INB_Walk_time,BIKE_TRANSIT_INB - Walk egress time,@df.knr_transit_walk_time_inb * df.time_factor  * df.outbound,,,,,,,,,coef_acctime,,,,,,
util_BIKE_TRANSIT_INB_Walk_other_time,BIKE_TRANSIT_INB - Walk other time,@(df.wtk_aux) * df.time_factor  * ~df.outbound,,,,,,,,,coef_xwalk,,,,,,
util_BIKE_TRANSIT_INB_Fare,BIKE_TRANSIT_INB - Fare ,"@df.transitSubsidyPassDiscount*df.get('TRANSIT_FF', 1)*(odt_skims['fare'])*100*df.number_of_participants/(np.maximum(df.income,1000)**df.income_exponent)  * ~df.outbound",,,,,,,,,coef_income,,,,,,
util_BIKE_TRANSIT - Female,BIKE_TRANSIT - Female,@(df.female),,,,,,,,,coef_female_tran,,,,,,
util_BIKE_TRANSIT - Origin Mix,BIKE_TRANSIT - Origin Mix,oMix,,,,,,,,,coef_oMix_wTran,,,,,,
util_BIKE_TRANSIT - Origin Intersection Density,BIKE_TRANSIT - Origin Intersection Density,oTotInt,,,,,,,,,coef_oIntDen_wTran,,,,,,
util_BIKE_TRANSIT - Destination Employment Density,BIKE_TRANSIT - Destination Employment Density,dEmpDen,,,,,,,,,coef_dEmpDen_wTran,,,,,,
#,Taxi,,,,,,,,,,,,,,,,
util_Taxi_Unavailable,Taxi - Unavailable,RideHail_available==0,,,,,,,,,,-999,,,,,
util_Taxi - In-vehicle time,Taxi - In-vehicle time,(s2_time_skims) * time_factor,,,,,,,,,,coef_ivt,,,,,
util_Taxi - Wait time,Taxi - Wait time,origTaxiWaitTime * time_factor,,,,,,,,,,coef_wait,,,,,
util_Taxi - Fare,Taxi - Fare,"@(((Taxi_baseFare + df.s2_dist_skims * Taxi_costPerMile + df.s2_time_skims * Taxi_costPerMinute) + df.s2_cost_skims))*100 / (np.maximum(df.income,1000)**df.income_exponent)",,,,,,,,,,coef_income,,,,,
#,TNC Single,,,,,,,,,,,,,,,,
util_TNC Single_Unavailable,TNC Single - Unavailable,RideHail_available==0,,,,,,,,,,,-999,,,,
util_TNC Single - In-vehicle time,TNC Single - In-vehicle time,(s2_time_skims) * time_factor,,,,,,,,,,,coef_ivt,,,,
util_TNC Single - Wait time,TNC Single - Wait time,origSingleTNCWaitTime *  time_factor,,,,,,,,,,,coef_wait,,,,
util_TNC Single - Cost,TNC Single - Cost,"@((np.maximum(TNC_single_baseFare + df.s2_dist_skims * TNC_single_costPerMile + df.s2_time_skims * TNC_single_costPerMinute, TNC_single_costMinimum) + df.s2_cost_skims))*100 / (np.maximum(df.income,1000)**df.income_exponent)",,,,,,,,,,,coef_income,,,,
#,TNC Shared,,,,,,,,,,,,,,,,
util_TNC Shared - In-vehicle time,TNC Shared - In-vehicle time,@(df.s3_time_skims * TNC_shared_IVTFactor) * df.time_factor,,,,,,,,,,,,coef_ivt,,,
util_TNC Shared - Wait time,TNC Shared - Wait time,@(df.origSharedTNCWaitTime) * df.time_factor,,,,,,,,,,,,coef_wait,,,
util_TNC Shared - Cost,TNC Shared - Cost,"@(np.maximum(TNC_shared_baseFare + df.s3_dist_skims * TNC_shared_costPerMile + df.s3_time_skims * TNC_shared_costPerMinute, TNC_shared_costMinimum) + df.s3_cost_skims)*100 / (np.maximum(df.income,1000)**df.income_exponent)",,,,,,,,,,,,coef_income,,,
#,School bus,,,,,,,,,,,,,,,,
util_School Bus - Unavailable,School Bus - Unavailable,SCHBUS_available==0,,,,,,,,,,,,,-999,,
util_School Bus - In-vehicle Time at 20 miles per hour,School Bus - In-vehicle Time at 20 miles per hour,(da_dist_skims)* 3 * time_factor,,,,,,,,,,,,,coef_ivt,,
util_School Bus - Wait Time (asserted),School Bus - Wait Time (asserted),10 * time_factor,,,,,,,,,,,,,coef_wait,,
util_School Bus - Walk Time (asserted),School Bus - Walk Time (asserted),10 * time_factor,,,,,,,,,,,,,coef_acctime,,
util_School Bus - Age 6 to 12,School Bus - Age 6 to 12,@(df.age > 5) * (df.age < 13),,,,,,,,,,,,,coef_age6to12_schb,,
#,Ebike,,,,,,,,,,,,,,,,
util_Ebike - Unavailable,Ebike - Unavailable,ebike_time > 0,,,,,,,,,,,,,,-999,
util_ebike_long_access,unavailable if access time > threshold and not micromobility tour,@((df.ebikeAccessTime > microAccessThreshold) | df.moreThanMaxEBikeDistance) & ~df.tourEbike,,,,,,,,,,,,,,-999,
util_ebike_long_access_microTour,Decrease ebike if access time > threshold but tour is ebike,@((df.ebikeAccessTime > microAccessThreshold) | df.moreThanMaxEBikeDistance) & df.tourEbike,,,,,,,,,,,,,,-20,
util_ebike_ivt,Ebike utility for in-vehicle time,@(df.ebike_time * df.time_factor),,,,,,,,,,,,,,coef_ivt,
util_ebike_access,Ebike utility for access time time,@((((~df.ebike_owner) | (~df.tourEbike)) * (ebikeRentTime + df.ebikeAccessTime)))*df.time_factor,,,,,,,,,,,,,,coef_acctime,
util_ebike_cost_inb,Ebike utility for inbound cost,@(((~df.ebike_owner) | (~df.tourEbike)) * ((ebikeFixedCost + ebikeVarCost*df.ebike_time)*100/df.cost_sensitivity)),,,,,,,,,,,,,,coef_income,
#,Escooter,,,,,,,,,,,,,,,,
util_Escooter - Unavailable,Escooter - Unavailable,(escooter_time > 0),,,,,,,,,,,,,,,-999
util_escooter_long_access,unavailable if access time or dist > threshold and not micromobility tour,@((df.escooterAccessTime > microAccessThreshold) | df.moreThanMaxEScooterDistance) & ~df.tourEscooter,,,,,,,,,,,,,,,-999
util_escooter_long_access_microTour,Decrease escooter if access time or dist > threshold but tour is escooter,@((df.escooterAccessTime > microAccessThreshold) | df.moreThanMaxEScooterDistance) & df.tourEscooter,,,,,,,,,,,,,,,-20
util_escooter_ivt,Escooter utility for in-vehicle time,@(df.escooter_time)*df.time_factor,,,,,,,,,,,,,,,coef_ivt
util_escooter_access,Escooter utility for access time,@(escooterRentTime + df.escooterAccessTime) *df.time_factor,,,,,,,,,,,,,,,coef_acctime
util_escooter_cost_inb,Escooter utility for inbound cost,@(escooterFixedCost + escooterVarCost*df.escooter_time)*100/df.cost_sensitivity,,,,,,,,,,,,,,,coef_income
#,indiv tour ASCs,,,,,,,,,,,,,,,,
util_calib_numberofparticipan,abm 2+ calibration,(numberOfParticipantsInJointTour<=2)&(jointTour==1),,,coef_calib_numberofparticipants_SHARED3,,,,,,,,,,,,
util_calib_KNR Transit - Distance Parameter,abm 2+ calibration,"@df.c_ivt*5*np.maximum((10-df.da_dist_skims),0)*0.5",,,,,,,,coef_calib_civt5max10sovdistski_KNR_TRANSIT,coef_calib_civt5max10sovdistski_TNC_TRANSIT,,,,,,
util_calib_Walk-Transit - Distance Parameter,abm 2+ calibration,"@df.c_ivt*np.maximum((200+(-133*df.da_dist_skims)),0)*0.5",,,,,,coef_calib_civtmax200133sovdist_WALK_TRANSIT,,,,,,,,,
util_calib_PNR-Transit - Distance Parameter,abm 2+ calibration,"@df.c_ivt*np.maximum((45+(-2.5*df.da_dist_skims)),0)*0.5",,,,,,,coef_calib_civtmax4525sovdistsk_PNR_TRANSIT,,,,,,,,
util_calib_esctour1,abm 2+ calibration,tour_type=='escort',,,,coef_calib_esctour1_WALK,,,,,,,,,,,
#,,,,,,,,,,,,,,,,,
util_calib_tourda,abm 2+ calibration,tourDA,,coef_calib_tourda_SHARED2,coef_calib_tourda_SHARED3,coef_calib_tourda_WALK,coef_calib_tourda_BIKE,coef_calib_tourda_WALK_TRANSIT,coef_calib_tourda_PNR_TRANSIT,coef_calib_tourda_KNR_TRANSIT,coef_calib_tourda_TNC_TRANSIT,coef_calib_tourda_TAXI,coef_calib_tourda_TNC_SINGLE,coef_calib_tourda_TNC_SHARED,coef_calib_tourda_SCH_BUS,-999,-999
util_calib_tours2,abm 2+ calibration,tourS2,coef_calib_tours2_DRIVEALONE,coef_calib_tours2_SHARED2,coef_calib_tours2_SHARED3,coef_calib_tours2_WALK,coef_calib_tours2_BIKE,coef_calib_tours2_WALK_TRANSIT,coef_calib_tours2_PNR_TRANSIT,coef_calib_tours2_KNR_TRANSIT,coef_calib_tours2_TNC_TRANSIT,coef_calib_tours2_TAXI,coef_calib_tours2_TNC_SINGLE,coef_calib_tours2_TNC_SHARED,coef_calib_tours2_SCH_BUS,0,0
util_calib_tours3,abm 2+ calibration,tourS3,coef_calib_tours3_DRIVEALONE,coef_calib_tours3_SHARED2,coef_calib_tours3_SHARED3,coef_calib_tours3_WALK,coef_calib_tours3_BIKE,coef_calib_tours3_WALK_TRANSIT,coef_calib_tours3_PNR_TRANSIT,coef_calib_tours3_KNR_TRANSIT,coef_calib_tours3_TNC_TRANSIT,coef_calib_tours3_TAXI,coef_calib_tours3_TNC_SINGLE,coef_calib_tours3_TNC_SHARED,coef_calib_tours3_SCH_BUS,0,0
util_calib_tourwalk,abm 2+ calibration,tourWalk,coef_calib_tourwalk_DRIVEALONE,coef_calib_tourwalk_SHARED2,coef_calib_tourwalk_SHARED3,0,coef_calib_tourwalk_BIKE,coef_calib_tourwalk_WALK_TRANSIT,coef_calib_tourwalk_PNR_TRANSIT,coef_calib_tourwalk_KNR_TRANSIT,coef_calib_tourwalk_TNC_TRANSIT,coef_calib_tourwalk_TAXI,coef_calib_tourwalk_TNC_SINGLE,coef_calib_tourwalk_TNC_SHARED,coef_calib_tourwalk_SCH_BUS,-999,-999
util_calib_tourbike,abm 2+ calibration,tourBike,coef_calib_tourbike_DRIVEALONE,coef_calib_tourbike_SHARED2,coef_calib_tourbike_SHARED3,coef_calib_tourbike_WALK,coef_calib_tourbike_BIKE,coef_calib_tourbike_WALK_TRANSIT,coef_calib_tourbike_PNR_TRANSIT,coef_calib_tourbike_KNR_TRANSIT,coef_calib_tourbike_TNC_TRANSIT,coef_calib_tourbike_TAXI,coef_calib_tourbike_TNC_SINGLE,coef_calib_tourbike_TNC_SHARED,coef_calib_tourbike_SCH_BUS,-999,-999
util_calib_tourwtran,abm 2+ calibration,tourWTran,coef_calib_tourwtran_DRIVEALONE,coef_calib_tourwtran_SHARED2,coef_calib_tourwtran_SHARED3,coef_calib_tourwtran_WALK,coef_calib_tourwtran_BIKE,coef_calib_tourwtran_WALK_TRANSIT,coef_calib_tourwtran_PNR_TRANSIT,coef_calib_tourwtran_KNR_TRANSIT,coef_calib_tourwtran_TNC_TRANSIT,coef_calib_tourwtran_TAXI,coef_calib_tourwtran_TNC_SINGLE,coef_calib_tourwtran_TNC_SHARED,coef_calib_tourwtran_SCH_BUS,0,0
util_calib_tourpnr,abm 2+ calibration,tourPNR,coef_calib_tourpnr_DRIVEALONE,coef_calib_tourpnr_SHARED2,coef_calib_tourpnr_SHARED3,coef_calib_tourpnr_WALK,coef_calib_tourpnr_BIKE,coef_calib_tourpnr_WALK_TRANSIT,coef_calib_tourpnr_PNR_TRANSIT,coef_calib_tourpnr_KNR_TRANSIT,coef_calib_tourpnr_TNC_TRANSIT,coef_calib_tourpnr_TAXI,coef_calib_tourpnr_TNC_SINGLE,coef_calib_tourpnr_TNC_SHARED,coef_calib_tourpnr_SCH_BUS,-999,-999
util_calib_tourknr,abm 2+ calibration,tourKNR,coef_calib_tourknr_DRIVEALONE,coef_calib_tourknr_SHARED2,coef_calib_tourknr_SHARED3,coef_calib_tourknr_WALK,coef_calib_tourknr_BIKE,coef_calib_tourknr_WALK_TRANSIT,coef_calib_tourknr_PNR_TRANSIT,coef_calib_tourknr_KNR_TRANSIT,coef_calib_tourknr_TNC_TRANSIT,coef_calib_tourknr_TAXI,coef_calib_tourknr_TNC_SINGLE,coef_calib_tourknr_TNC_SHARED,coef_calib_tourknr_SCH_BUS,-999,-999
util_calib_tourtnr,abm 2+ calibration,tourBNR,coef_calib_tourtnr_DRIVEALONE,0,0,0,coef_calib_tourtnr_BIKE,0,coef_calib_tourtnr_PNR_TRANSIT,0,0,0,0,0,coef_calib_tourtnr_SCH_BUS,-999,-999
util_calib_tourmaas,abm 2+ calibration,tourMaaS,coef_calib_tourmaas_DRIVEALONE,coef_calib_tourmaas_SHARED2,coef_calib_tourmaas_SHARED3,coef_calib_tourmaas_WALK,coef_calib_tourmaas_BIKE,coef_calib_tourmaas_WALK_TRANSIT,coef_calib_tourmaas_PNR_TRANSIT,coef_calib_tourmaas_KNR_TRANSIT,coef_calib_tourmaas_TNC_TRANSIT,coef_calib_tourmaas_TAXI,coef_calib_tourmaas_TNC_SINGLE,coef_calib_tourmaas_TNC_SHARED,coef_calib_tourmaas_TNC_SCH_BUS,0,0
util_calib_tourschbus,abm 2+ calibration,tourSchBus,coef_calib_tourschbus_DRIVEALONE,coef_calib_tourschbus_SHARED2,coef_calib_tourschbus_SHARED3,coef_calib_tourschbus_WALK,coef_calib_tourschbus_BIKE,coef_calib_tourschbus_WALK_TRANSIT,coef_calib_tourschbus_PNR_TRANSIT,coef_calib_tourschbus_KNR_TRANSIT,coef_calib_tourschbus_TNC_TRANSIT,coef_calib_tourschbus_TAXI,coef_calib_tourschbus_TNC_SINGLE,coef_calib_tourschbus_TNC_SHARED,0,-999,-999
util_availability_tourebike,,tourEbike,-999,-999,-999,0,-999,-999,-999,-999,-999,-999,-999,-999,-999,0,-999
util_availability_tourescooter,,tourEscooter,-999,-999,-999,0,-999,-999,-999,-999,-999,-999,-999,-999,-999,-999,0
#,,,,,,,,,,,,,,,,,
util_calib_jointtour1,abm 2+ calibration,jointTour==1,0,0,0,coef_calib_jointtour1_WALK,0,coef_calib_jointtour1_WALK_TRANSIT,coef_calib_jointtour1_PNR_TRANSIT,coef_calib_jointtour1_KNR_TRANSIT,coef_calib_jointtour1_TNC_TRANSIT,0,0,0,0,,
util_calib_tourbikejointtour0,abm 2+ calibration,tourBike*(jointTour==0),coef_calib_tourbikejointtour0_DRIVEALONE,coef_calib_tourbikejointtour0_SHARED2,coef_calib_tourbikejointtour0_SHARED3,coef_calib_tourbikejointtour0_WALK,coef_calib_tourbikejointtour0_BIKE,coef_calib_tourbikejointtour0_WALK_TRANSIT,coef_calib_tourbikejointtour0_PNR_TRANSIT,coef_calib_tourbikejointtour0_KNR_TRANSIT,coef_calib_tourbikejointtour0_TNC_TRANSIT,coef_calib_tourbikejointtour0_TAXI,coef_calib_tourbikejointtour0_TNC_SINGLE,coef_calib_tourbikejointtour0_TNC_SHARED,0,,
util_calib_tourbikejointtour1,abm 2+ calibration,tourBike*(jointTour==1),0,0,0,0,coef_calib_tourbikejointtour1_BIKE,0,0,0,0,coef_calib_tourbikejointtour1_TAXI,coef_calib_tourbikejointtour1_TNC_SINGLE,coef_calib_tourbikejointtour1_TNC_SHARED,0,,
util_calib_tourdajointtour0,abm 2+ calibration,tourDA*(jointTour==0),coef_calib_tourdajointtour0_DRIVEALONE,coef_calib_tourdajointtour0_SHARED2,coef_calib_tourdajointtour0_SHARED3,coef_calib_tourdajointtour0_WALK,coef_calib_tourdajointtour0_BIKE,coef_calib_tourdajointtour0_WALK_TRANSIT,coef_calib_tourdajointtour0_PNR_TRANSIT,coef_calib_tourdajointtour0_KNR_TRANSIT,coef_calib_tourdajointtour0_TNC_TRANSIT,coef_calib_tourdajointtour0_TAXI,coef_calib_tourdajointtour0_TNC_SINGLE,coef_calib_tourdajointtour0_TNC_SHARED,0,,
util_calib_tourdajointtour1,abm 2+ calibration,tourDA*(jointTour==1),0,coef_calib_tourdajointtour1_SHARED2,coef_calib_tourdajointtour1_SHARED3,coef_calib_tourdajointtour1_WALK,coef_calib_tourdajointtour1_BIKE,coef_calib_tourdajointtour1_WALK_TRANSIT,coef_calib_tourdajointtour1_PNR_TRANSIT,coef_calib_tourdajointtour1_KNR_TRANSIT,coef_calib_tourdajointtour1_TNC_TRANSIT,coef_calib_tourdajointtour1_TAXI,coef_calib_tourdajointtour1_TNC_SINGLE,coef_calib_tourdajointtour1_TNC_SHARED,0,,
util_calib_tourknrjointtour0,abm 2+ calibration,tourKNR*(jointTour==0),coef_calib_tourknrjointtour0_DRIVEALONE,coef_calib_tourknrjointtour0_SHARED2,coef_calib_tourknrjointtour0_SHARED3,coef_calib_tourknrjointtour0_WALK,coef_calib_tourknrjointtour0_BIKE,coef_calib_tourknrjointtour0_WALK_TRANSIT,coef_calib_tourknrjointtour0_PNR_TRANSIT,coef_calib_tourknrjointtour0_KNR_TRANSIT,coef_calib_tourknrjointtour0_TNC_TRANSIT,coef_calib_tourknrjointtour0_TAXI,coef_calib_tourknrjointtour0_TNC_SINGLE,coef_calib_tourknrjointtour0_TNC_SHARED,0,,
util_calib_tourknrjointtour1,abm 2+ calibration,tourKNR*(jointTour==1),coef_calib_tourknrjointtour1_DRIVEALONE,0,0,0,coef_calib_tourknrjointtour1_BIKE,0,coef_calib_tourknrjointtour1_PNR_TRANSIT,0,coef_calib_tourknrjointtour1_TNC_TRANSIT,coef_calib_tourknrjointtour1_TAXI,coef_calib_tourknrjointtour1_TNC_SINGLE,coef_calib_tourknrjointtour1_TNC_SHARED,0,,
util_calib_tourknrtotstops0,abm 2+ calibration,tourKNR*(totStops==0),coef_calib_tourknrtotstops0_DRIVEALONE,coef_calib_tourknrtotstops0_SHARED2,coef_calib_tourknrtotstops0_SHARED3,coef_calib_tourknrtotstops0_WALK,coef_calib_tourknrtotstops0_BIKE,coef_calib_tourknrtotstops0_WALK_TRANSIT,coef_calib_tourknrtotstops0_PNR_TRANSIT,0,0,0,0,0,0,,
util_calib_tourknrtotstops>0,abm 2+ calibration,tourKNR*(totStops>0),coef_calib_tourknrtotstopsm0_DRIVEALONE,0,0,0,coef_calib_tourknrtotstopsm0_BIKE,0,coef_calib_tourknrtotstopsm0_PNR_TRANSIT,0,0,0,0,0,0,,
util_calib_tourknrfirstofmult,abm 2+ calibration,tourKNR*firstOfMultipleTrips,coef_calib_tourknrfirstofmultip_DRIVEALONE,0,0,0,coef_calib_tourknrfirstofmultip_BIKE,0,coef_calib_tourknrfirstofmultip_PNR_TRANSIT,0,0,0,0,0,0,,
util_calib_tourknrlastofmulti,abm 2+ calibration,tourKNR*lastofMultipleTrips,coef_calib_tourknrlastofmultipl_DRIVEALONE,0,0,0,coef_calib_tourknrlastofmultipl_BIKE,0,coef_calib_tourknrlastofmultipl_PNR_TRANSIT,0,0,0,0,0,0,,
util_calib_tourebikejointtour0,,tourEbike*(jointTour==0),,,,coef_calib_tourebikejointtour0_WALK,,,,,,,,,,coef_calib_tourebikejointtour0_EBIKE,
util_calib_tourebikejointtour1,,tourEbike*(jointTour==1),,,,coef_calib_tourebikejointtour1_WALK,,,,,,,,,,coef_calib_tourebikejointtour1_EBIKE,
util_calib_tourescooterjointtour0,,tourEscooter*(jointTour==0),,,,coef_calib_tourescooterjointtour0_WALK,,,,,,,,,,,coef_calib_tourescooterjointtour0_ESCOOTER
util_calib_tourescooterjointtour1,,tourEscooter*(jointTour==1),,,,coef_calib_tourescooterjointtour1_WALK,,,,,,,,,,,coef_calib_tourescooterjointtour1_ESCOOTER
#,,,,,,,,,,,,,,,,,
util_calib_tourmaasjointtour0,abm 2+ calibration,tourMaaS*(jointTour==0),0,coef_calib_tourmaasjointtour0_SHARED2,coef_calib_tourmaasjointtour0_SHARED3,coef_calib_tourmaasjointtour0_WALK,0,0,0,0,0,coef_calib_tourmaasjointtour0_TAXI,coef_calib_tourmaasjointtour0_TNC_SINGLE,coef_calib_tourmaasjointtour0_TNC_SHARED,0,,
util_calib_tourmaasjointtour1,abm 2+ calibration,tourMaaS*(jointTour==1),0,coef_calib_tourmaasjointtour1_SHARED2,coef_calib_tourmaasjointtour1_SHARED3,coef_calib_tourmaasjointtour1_WALK,0,0,0,0,0,0,coef_calib_tourmaasjointtour1_TNC_SINGLE,coef_calib_tourmaasjointtour1_TNC_SHARED,0,,
util_calib_tourpnrjointtour0,abm 2+ calibration,tourPNR*(jointTour==0),coef_calib_tourpnrjointtour0_DRIVEALONE,coef_calib_tourpnrjointtour0_SHARED2,coef_calib_tourpnrjointtour0_SHARED3,coef_calib_tourpnrjointtour0_WALK,coef_calib_tourpnrjointtour0_BIKE,coef_calib_tourpnrjointtour0_WALK_TRANSIT,coef_calib_tourpnrjointtour0_PNR_TRANSIT,coef_calib_tourpnrjointtour0_KNR_TRANSIT,coef_calib_tourpnrjointtour0_TNC_TRANSIT,coef_calib_tourpnrjointtour0_TAXI,coef_calib_tourpnrjointtour0_TNC_SINGLE,coef_calib_tourpnrjointtour0_TNC_SHARED,0,,
util_calib_tourpnrjointtour1,abm 2+ calibration,tourPNR*(jointTour==1),0,0,0,0,coef_calib_tourpnrjointtour1_BIKE,0,0,coef_calib_tourpnrjointtour1_KNR_TRANSIT,coef_calib_tourpnrjointtour1_TNC_TRANSIT,coef_calib_tourpnrjointtour1_TAXI,coef_calib_tourpnrjointtour1_TNC_SINGLE,coef_calib_tourpnrjointtour1_TNC_SHARED,0,,
util_calib_tourpnrtotstops0,abm 2+ calibration,tourPNR*(totStops==0),coef_calib_tourpnrtotstops0_DRIVEALONE,coef_calib_tourpnrtotstops0_SHARED2,coef_calib_tourpnrtotstops0_SHARED3,coef_calib_tourpnrtotstops0_WALK,coef_calib_tourpnrtotstops0_BIKE,coef_calib_tourpnrtotstops0_WALK_TRANSIT,0,coef_calib_tourpnrtotstops0_KNR_TRANSIT,coef_calib_tourpnrtotstops0_TNC_TRANSIT,0,0,0,0,,
util_calib_tourpnrtotstops>0,abm 2+ calibration,tourPNR*(totStops>0),0,0,0,0,coef_calib_tourpnrtotstopsm0_BIKE,coef_calib_tourpnrtotstopsm0_WALK_TRANSIT,0,coef_calib_tourpnrtotstopsm0_KNR_TRANSIT,coef_calib_tourpnrtotstopsm0_TNC_TRANSIT,0,0,0,0,,
util_calib_tourpnrfirstofmult,abm 2+ calibration,tourPNR*firstOfMultipleTrips,0,0,0,0,coef_calib_tourpnrfirstofmultip_BIKE,0,0,coef_calib_tourpnrfirstofmultip_KNR_TRANSIT,coef_calib_tourpnrfirstofmultip_TNC_TRANSIT,0,0,0,0,,
util_calib_tourpnrlastofmulti,abm 2+ calibration,tourPNR*lastofMultipleTrips,0,0,0,0,coef_calib_tourpnrlastofmultipl_BIKE,0,0,coef_calib_tourpnrlastofmultipl_KNR_TRANSIT,coef_calib_tourpnrlastofmultipl_TNC_TRANSIT,0,0,0,0,,
util_calib_tours2jointtour0,abm 2+ calibration,tourS2*(jointTour==0),coef_calib_tours2jointtour0_DRIVEALONE,coef_calib_tours2jointtour0_SHARED2,coef_calib_tours2jointtour0_SHARED3,coef_calib_tours2jointtour0_WALK,coef_calib_tours2jointtour0_BIKE,coef_calib_tours2jointtour0_WALK_TRANSIT,coef_calib_tours2jointtour0_PNR_TRANSIT,coef_calib_tours2jointtour0_KNR_TRANSIT,coef_calib_tours2jointtour0_TNC_TRANSIT,coef_calib_tours2jointtour0_TAXI,coef_calib_tours2jointtour0_TNC_SINGLE,coef_calib_tours2jointtour0_TNC_SHARED,0,,
util_calib_tours2jointtour1,abm 2+ calibration,tourS2*(jointTour==1),coef_calib_tours2jointtour1_DRIVEALONE,coef_calib_tours2jointtour1_SHARED2,coef_calib_tours2jointtour1_SHARED3,coef_calib_tours2jointtour1_WALK,coef_calib_tours2jointtour1_BIKE,coef_calib_tours2jointtour1_WALK_TRANSIT,coef_calib_tours2jointtour1_PNR_TRANSIT,coef_calib_tours2jointtour1_KNR_TRANSIT,coef_calib_tours2jointtour1_TNC_TRANSIT,coef_calib_tours2jointtour1_TAXI,coef_calib_tours2jointtour1_TNC_SINGLE,coef_calib_tours2jointtour1_TNC_SHARED,0,,
#,,,,,,,,,,,,,,,,,
util_calib_tours2totstops0,abm 2+ calibration,tourS2*(totStops==0),coef_calib_tours2totstops0_DRIVEALONE,0,coef_calib_tours2totstops0_SHARED3,coef_calib_tours2totstops0_WALK,coef_calib_tours2totstops0_BIKE,coef_calib_tours2totstops0_WALK_TRANSIT,coef_calib_tours2totstops0_PNR_TRANSIT,coef_calib_tours2totstops0_KNR_TRANSIT,coef_calib_tours2totstops0_TNC_TRANSIT,0,0,0,0,,
util_calib_tours2firstofmulti,abm 2+ calibration,tourS2*firstOfMultipleTrips,coef_calib_tours2firstofmultipl_DRIVEALONE,0,coef_calib_tours2firstofmultipl_SHARED3,coef_calib_tours2firstofmultipl_WALK,coef_calib_tours2firstofmultipl_BIKE,coef_calib_tours2firstofmultipl_WALK_TRANSIT,coef_calib_tours2firstofmultipl_PNR_TRANSIT,coef_calib_tours2firstofmultipl_KNR_TRANSIT,coef_calib_tours2firstofmultipl_TNC_TRANSIT,0,0,0,0,,
util_calib_tours2lastofmultip,abm 2+ calibration,tourS2*lastofMultipleTrips,coef_calib_tours2lastofmultiple_DRIVEALONE,0,coef_calib_tours2lastofmultiple_SHARED3,coef_calib_tours2lastofmultiple_WALK,coef_calib_tours2lastofmultiple_BIKE,coef_calib_tours2lastofmultiple_WALK_TRANSIT,coef_calib_tours2lastofmultiple_PNR_TRANSIT,coef_calib_tours2lastofmultiple_KNR_TRANSIT,coef_calib_tours2lastofmultiple_TNC_TRANSIT,0,0,0,0,,
util_calib_tours3jointtour0,abm 2+ calibration,tourS3*(jointTour==0),coef_calib_tours3jointtour0_DRIVEALONE,coef_calib_tours3jointtour0_SHARED2,coef_calib_tours3jointtour0_SHARED3,coef_calib_tours3jointtour0_WALK,coef_calib_tours3jointtour0_BIKE,coef_calib_tours3jointtour0_WALK_TRANSIT,coef_calib_tours3jointtour0_PNR_TRANSIT,coef_calib_tours3jointtour0_KNR_TRANSIT,coef_calib_tours3jointtour0_TNC_TRANSIT,coef_calib_tours3jointtour0_TAXI,coef_calib_tours3jointtour0_TNC_SINGLE,coef_calib_tours3jointtour0_TNC_SHARED,0,,
util_calib_tours3jointtour1,abm 2+ calibration,tourS3*(jointTour==1),coef_calib_tours3jointtour1_DRIVEALONE,coef_calib_tours3jointtour1_SHARED2,coef_calib_tours3jointtour1_SHARED3,coef_calib_tours3jointtour1_WALK,coef_calib_tours3jointtour1_BIKE,coef_calib_tours3jointtour1_WALK_TRANSIT,coef_calib_tours3jointtour1_PNR_TRANSIT,coef_calib_tours3jointtour1_KNR_TRANSIT,coef_calib_tours3jointtour1_TNC_TRANSIT,coef_calib_tours3jointtour1_TAXI,coef_calib_tours3jointtour1_TNC_SINGLE,coef_calib_tours3jointtour1_TNC_SHARED,0,,
util_calib_tours3totstops0,abm 2+ calibration,tourS3*(totStops==0),coef_calib_tours3totstops0_DRIVEALONE,coef_calib_tours3totstops0_SHARED2,0,coef_calib_tours3totstops0_WALK,coef_calib_tours3totstops0_BIKE,coef_calib_tours3totstops0_WALK_TRANSIT,coef_calib_tours3totstops0_PNR_TRANSIT,coef_calib_tours3totstops0_KNR_TRANSIT,coef_calib_tours3totstops0_TNC_TRANSIT,0,0,0,0,,
util_calib_tours3autodeficien,abm 2+ calibration,tourS3*autoDeficientHH,0,coef_calib_tours3autodeficienth_SHARED2,0,0,0,0,0,0,0,0,0,0,0,,
util_calib_tours3firstofmulti,abm 2+ calibration,tourS3*firstOfMultipleTrips,coef_calib_tours3firstofmultipl_DRIVEALONE,coef_calib_tours3firstofmultipl_SHARED2,0,coef_calib_tours3firstofmultipl_WALK,coef_calib_tours3firstofmultipl_BIKE,coef_calib_tours3firstofmultipl_WALK_TRANSIT,coef_calib_tours3firstofmultipl_PNR_TRANSIT,coef_calib_tours3firstofmultipl_KNR_TRANSIT,coef_calib_tours3firstofmultipl_TNC_TRANSIT,0,0,0,0,,
util_calib_tours3lastofmultip,abm 2+ calibration,tourS3*lastofMultipleTrips,coef_calib_tours3lastofmultiple_DRIVEALONE,coef_calib_tours3lastofmultiple_SHARED2,0,coef_calib_tours3lastofmultiple_WALK,coef_calib_tours3lastofmultiple_BIKE,coef_calib_tours3lastofmultiple_WALK_TRANSIT,coef_calib_tours3lastofmultiple_PNR_TRANSIT,coef_calib_tours3lastofmultiple_KNR_TRANSIT,coef_calib_tours3lastofmultiple_TNC_TRANSIT,0,0,0,0,,
util_calib_tours3zeroautohh,abm 2+ calibration,tourS3*zeroAutoHH,0,coef_calib_tours3zeroautohh_SHARED2,0,0,0,0,0,0,0,0,0,0,0,,
#,,,,,,,,,,,,,,,,,
util_calib_tourwtranjointtour0,abm 2+ calibration,tourWTran*(jointTour==0),coef_calib_tourwtranjointtour0_DRIVEALONE,coef_calib_tourwtranjointtour0_SHARED2,coef_calib_tourwtranjointtour0_SHARED3,coef_calib_tourwtranjointtour0_WALK,coef_calib_tourwtranjointtour0_BIKE,coef_calib_tourwtranjointtour0_WALK_TRANSIT,coef_calib_tourwtranjointtour0_PNR_TRANSIT,coef_calib_tourwtranjointtour0_KNR_TRANSIT,coef_calib_tourwtranjointtour0_TNC_TRANSIT,0,coef_calib_tourwtranjointtour0_TNC_SINGLE,coef_calib_tourwtranjointtour0_TNC_SHARED,0,,
util_calib_tourwtranjointtour1,abm 2+ calibration,tourWTran*(jointTour==1),coef_calib_tourwtranjointtour1_DRIVEALONE,coef_calib_tourwtranjointtour1_SHARED2,coef_calib_tourwtranjointtour1_SHARED3,coef_calib_tourwtranjointtour1_WALK,coef_calib_tourwtranjointtour1_BIKE,coef_calib_tourwtranjointtour1_WALK_TRANSIT,coef_calib_tourwtranjointtour1_PNR_TRANSIT,coef_calib_tourwtranjointtour1_KNR_TRANSIT,coef_calib_tourwtranjointtour1_TNC_TRANSIT,coef_calib_tourwtranjointtour1_TAXI,coef_calib_tourwtranjointtour1_TNC_SINGLE,coef_calib_tourwtranjointtour1_TNC_SHARED,0,,
util_calib_tourwtrantotstops0,abm 2+ calibration,tourWTran*(totStops==0),coef_calib_tourwtrantotstops0_DRIVEALONE,coef_calib_tourwtrantotstops0_SHARED2,coef_calib_tourwtrantotstops0_SHARED3,coef_calib_tourwtrantotstops0_WALK,coef_calib_tourwtrantotstops0_BIKE,0,coef_calib_tourwtrantotstops0_PNR_TRANSIT,coef_calib_tourwtrantotstops0_KNR_TRANSIT,coef_calib_tourwtrantotstops0_TNC_TRANSIT,0,0,0,coef_calib_tourwtrantotstops0_SCH_BUS,,
#,,,,,,,,,,,,,,,,,
util_calib_tourwtranfirstofmu,abm 2+ calibration,tourWTran*firstOfMultipleTrips,coef_calib_tourwtranfirstofmult_DRIVEALONE,coef_calib_tourwtranfirstofmult_SHARED2,coef_calib_tourwtranfirstofmult_SHARED3,coef_calib_tourwtranfirstofmult_WALK,coef_calib_tourwtranfirstofmult_BIKE,0,coef_calib_tourwtranfirstofmult_PNR_TRANSIT,coef_calib_tourwtranfirstofmult_KNR_TRANSIT,coef_calib_tourwtranfirstofmult_TNC_TRANSIT,0,0,0,coef_calib_tourwtranfirstofmult_SCH_BUS,,
util_calib_tourwtranlastofmul,abm 2+ calibration,tourWTran*lastofMultipleTrips,coef_calib_tourwtranlastofmulti_DRIVEALONE,coef_calib_tourwtranlastofmulti_SHARED2,coef_calib_tourwtranlastofmulti_SHARED3,coef_calib_tourwtranlastofmulti_WALK,coef_calib_tourwtranlastofmulti_BIKE,0,coef_calib_tourwtranlastofmulti_PNR_TRANSIT,coef_calib_tourwtranlastofmulti_KNR_TRANSIT,coef_calib_tourwtranlastofmulti_TNC_TRANSIT,0,0,0,coef_calib_tourwtranlastofmulti_SCH_BUS,,
util_calib_tourwtranzeroautoh,abm 2+ calibration,tourWTran*zeroAutoHH,0,0,0,coef_calib_tourwtranzeroautohh_WALK,0,0,0,0,0,0,0,0,0,,
util_calib_tourwalkjointtour0,abm 2+ calibration,tourWalk*(jointTour==0),coef_calib_tourwalkjointtour0_DRIVEALONE,coef_calib_tourwalkjointtour0_SHARED2,coef_calib_tourwalkjointtour0_SHARED3,coef_calib_tourwalkjointtour0_WALK,coef_calib_tourwalkjointtour0_BIKE,coef_calib_tourwalkjointtour0_WALK_TRANSIT,coef_calib_tourwalkjointtour0_PNR_TRANSIT,coef_calib_tourwalkjointtour0_KNR_TRANSIT,coef_calib_tourwalkjointtour0_TNC_TRANSIT,coef_calib_tourwalkjointtour0_TAXI,coef_calib_tourwalkjointtour0_TNC_SINGLE,coef_calib_tourwalkjointtour0_TNC_SHARED,0,,
util_calib_tourwalkjointtour1,abm 2+ calibration,tourWalk*(jointTour==1),coef_calib_tourwalkjointtour1_DRIVEALONE,coef_calib_tourwalkjointtour1_SHARED2,coef_calib_tourwalkjointtour1_SHARED3,0,coef_calib_tourwalkjointtour1_BIKE,coef_calib_tourwalkjointtour1_WALK_TRANSIT,coef_calib_tourwalkjointtour1_PNR_TRANSIT,coef_calib_tourwalkjointtour1_KNR_TRANSIT,coef_calib_tourwalkjointtour1_TNC_TRANSIT,coef_calib_tourwalkjointtour1_TAXI,coef_calib_tourwalkjointtour1_TNC_SINGLE,coef_calib_tourwalkjointtour1_TNC_SHARED,0,,
