Label,Description,Expression,Coefficient
#,av availability,,
util_must_select_av,Must select autonomous vehicle if hh owns one,av_ownership & ~is_av & (num_hh_veh_owned == 0),coef_unavail
util_no_av,Cannot select AV if hh does not own one,~av_ownership & is_av,coef_unavail
#,income,,
util_i025_age,Income $0-25k - Age,((income < 25000) & (income > -1)) * age,coef_i025_age
util_i2550_age,Income $25-50k - Age,((income < 50000) & (income >= 25000)) * age,coef_i2550_age
util_i100_age,Income $100-150k - Age,((income < 150000) & (income >= 100000)) * age,coef_i100_age
util_i150p_age,Income $150k+ - Age,(income > 150000) * age,coef_i150p_age
util_i025_van,Income $0-25k - Van,((income < 25000) & (income > -1)) & (body_type_num_coded == 5),coef_i025_van
util_i2550_van,Income $25-50k - Van,((income < 50000) & (income >= 25000)) & (body_type_num_coded == 5),coef_i2550_van
util_i100_van,Income $100-150k - Van,((income < 150000) & (income >= 100000)) & (body_type_num_coded == 5),coef_i100_van
util_i150p_van,Income $150k+ - Van,(income > 150000) & (body_type_num_coded == 5),coef_i150p_van
util_i025_suv,Income $0-25k - SUV,((income < 25000) & (income > -1)) & (body_type_num_coded == 4),coef_i025_suv
util_i2550_suv,Income $25-50k - SUV,((income < 50000) & (income >= 25000)) & (body_type_num_coded == 4),coef_i2550_suv
util_i100_suv,Income $100-150k - SUV,((income < 150000) & (income >= 100000)) & (body_type_num_coded == 4),coef_i100_suv
util_i150p_suv,Income $150k+ - SUV,(income > 150000) & (body_type_num_coded == 4),coef_i150p_suv
util_i025_pu,Income $0-25k - Pickup,((income < 25000) & (income > -1)) & (body_type_num_coded == 3),coef_i025_pu
util_i2550_pu,Income $25-50k - Pickup,((income < 50000) & (income >= 25000)) & (body_type_num_coded == 3),coef_i2550_pu
util_i100_pu,Income $100-150k - Pickup,((income < 150000) & (income >= 100000)) & (body_type_num_coded == 3),coef_i100_pu
util_i150p_pu,Income $150k+ - Pickup,(income > 150000) & (body_type_num_coded == 3),coef_i150p_pu
util_i025_mc,Income $0-25k - Motorcycle,((income < 25000) & (income > -1)) & (body_type_num_coded == 2),coef_i025_mc
util_i2550_mc,Income $25-50k - Motorcycle,((income < 50000) & (income >= 25000)) & (body_type_num_coded == 2),coef_i2550_mc
util_i100_mc,Income $100-150k - Motorcycle,((income < 150000) & (income >= 100000)) & (body_type_num_coded == 2),coef_i100_mc
util_i150p_mc,Income $150k+ - Motorcycle,(income > 150000) & (body_type_num_coded == 2),coef_i150p_mc
util_imiss_van,Income Missing - Van,((income < 0) | income.isna()) & (body_type_num_coded == 5),coef_imiss_van
util_imiss_suv,Income Missing - SUV,((income < 0) | income.isna()) & (body_type_num_coded == 4),coef_imiss_suv
util_imiss_pu,Income Missing - Pickup,((income < 0) | income.isna()) & (body_type_num_coded == 3),coef_imiss_pu
util_imiss_mc,Income Missing - Motorcycle,((income < 0) | income.isna()) & (body_type_num_coded == 2),coef_imiss_mc
util_imiss_age,Income Missing - Age,((income < 0) | income.isna()) * age,coef_imiss_age
#,household density variables,,
util_den3_van,500-999 HH / sq mi Van,((hh_per_mi < 1000) & (hh_per_mi >= 500)) & (body_type_num_coded == 5),coef_den3_van
util_den4_van,1000-1999 HH / sq mi Van,((hh_per_mi < 2000) & (hh_per_mi >= 1000)) & (body_type_num_coded == 5),coef_den4_van
util_den5_van,2000-3999 HH / sq mi Van,((hh_per_mi < 4000) & (hh_per_mi >= 2000)) & (body_type_num_coded == 5),coef_den5_van
util_den6_van,4000-9999 HH / sq mi Van,((hh_per_mi < 10000) & (hh_per_mi >= 4000)) & (body_type_num_coded == 5),coef_den6_van
util_den7_van,10000-24999 HH / sq mi Van,((hh_per_mi < 25000) & (hh_per_mi >= 10000)) & (body_type_num_coded == 5),coef_den7_van
util_den8_van,25000+ HH / sq mi Van,(hh_per_mi >= 25000) & (body_type_num_coded == 5),coef_den8_van
util_den3_suv,500-999 HH / sq mi SUV,((hh_per_mi < 1000) & (hh_per_mi >= 500)) & (body_type_num_coded == 4),coef_den3_suv
util_den4_suv,1000-1999 HH / sq mi SUV,((hh_per_mi < 2000) & (hh_per_mi >= 1000)) & (body_type_num_coded == 4),coef_den4_suv
util_den5_suv,2000-3999 HH / sq mi SUV,((hh_per_mi < 4000) & (hh_per_mi >= 2000)) & (body_type_num_coded == 4),coef_den5_suv
util_den6_suv,4000-9999 HH / sq mi SUV,((hh_per_mi < 10000) & (hh_per_mi >= 4000)) & (body_type_num_coded == 4),coef_den6_suv
util_den7_suv,10000-24999 HH / sq mi SUV,((hh_per_mi < 25000) & (hh_per_mi >= 10000)) & (body_type_num_coded == 4),coef_den7_suv
util_den8_suv,25000+ HH / sq mi SUV,(hh_per_mi >= 25000) & (body_type_num_coded == 4),coef_den8_suv
util_den3_pu,500-999 HH / sq mi Pickup,((hh_per_mi < 1000) & (hh_per_mi >= 500)) & (body_type_num_coded == 3),coef_den3_pu
util_den4_pu,1000-1999 HH / sq mi Pickup,((hh_per_mi < 2000) & (hh_per_mi >= 1000)) & (body_type_num_coded == 3),coef_den4_pu
util_den5_pu,2000-3999 HH / sq mi Pickup,((hh_per_mi < 4000) & (hh_per_mi >= 2000)) & (body_type_num_coded == 3),coef_den5_pu
util_den6_pu,4000-9999 HH / sq mi Pickup,((hh_per_mi < 10000) & (hh_per_mi >= 4000)) & (body_type_num_coded == 3),coef_den6_pu
util_den7_pu,10000-24999 HH / sq mi Pickup,((hh_per_mi < 25000) & (hh_per_mi >= 10000)) & (body_type_num_coded == 3),coef_den7_pu
util_den8_mc,25000+ HH / sq mi Pickup,(hh_per_mi >= 25000) & (body_type_num_coded == 3),coef_den8_pu
util_den3_mc,500-999 HH / sq mi Motorcycle,((hh_per_mi < 1000) & (hh_per_mi >= 500)) & (body_type_num_coded == 2),coef_den3_mc
util_den4_mc,1000-1999 HH / sq mi Motorcycle,((hh_per_mi < 2000) & (hh_per_mi >= 1000)) & (body_type_num_coded == 2),coef_den4_mc
util_den5_mc,2000-3999 HH / sq mi Motorcycle,((hh_per_mi < 4000) & (hh_per_mi >= 2000)) & (body_type_num_coded == 2),coef_den5_mc
util_den6_mc,4000-9999 HH / sq mi Motorcycle,((hh_per_mi < 10000) & (hh_per_mi >= 4000)) & (body_type_num_coded == 2),coef_den6_mc
util_den7_mc,10000-24999 HH / sq mi Motorcycle,((hh_per_mi < 25000) & (hh_per_mi >= 10000)) & (body_type_num_coded == 2),coef_den7_mc
util_den8_mc,25000+ HH / sq mi Motorcycle,(hh_per_mi >= 25000) & (body_type_num_coded == 2),coef_den8_mc
#,household interactions,,
util_oneveh_age,Household owns 1 vehicle * Age,(auto_ownership == 1) * age,coef_oneveh_age
util_vhgtdr_van,Household vehicles gt drivers for Van,hh_veh_gt_drivers * (body_type_num_coded == 5),coef_vhgtdr_van
util_vhgtdr_suv,Household vehicles gt drivers for SUV,hh_veh_gt_drivers * (body_type_num_coded == 4),coef_vhgtdr_suv
util_vhgtdr_pu,Household vehicles gt drivers for Pickup,hh_veh_gt_drivers * (body_type_num_coded == 3),coef_vhgtdr_pu
util_vhgtdr_mc,Household vehicles gt drivers for Motorcycle,hh_veh_gt_drivers * (body_type_num_coded == 2),coef_vhgtdr_mc
util_vhgtdr_age,Household vehicles gt drivers for age,hh_veh_gt_drivers * age,coef_vhgtdr_age
#,interacting with number of children,,
util_nchld_van,Number of children max 3 * Van,num_children.clip(upper=3) * (body_type_num_coded == 5),coef_nchld_van
util_nchld_suv,Number of children max 3 * SUV,num_children.clip(upper=3) * (body_type_num_coded == 4),coef_nchld_suv
util_nchld_pu,Number of children max 3 * Pickup,num_children.clip(upper=3) * (body_type_num_coded == 3),coef_nchld_pu
util_nchld_mc,Number of children max 3 * Motorcycle,num_children.clip(upper=3) * (body_type_num_coded == 2),coef_nchld_mc
util_nchld_age,Number of children max 3 * age,num_children.clip(upper=3) * age,coef_nchld_age
util_dstwkt_age,Total distance to work * age,total_hh_dist_to_work_cap * age,coef_dstwkt_age
#,household already owning vehicles,,
util_van_van,Household already owns a Van -- Van,(num_hh_Van > 0) & (body_type_num_coded == 5),coef_van_van
util_van_suv,Household already owns a Van -- SUV,(num_hh_Van > 0) & (body_type_num_coded == 4),coef_van_suv
util_van_pu,Household already owns a Van -- Pickup,(num_hh_Van > 0) & (body_type_num_coded == 3),coef_van_pu
util_van_mc,Household already owns a Van -- Motorcycle,(num_hh_Van > 0) & (body_type_num_coded == 2),coef_van_mc
util_van_suv,Household already owns an SUV -- Van (symmetrical with above),(num_hh_SUV > 0) & (body_type_num_coded == 5),coef_van_suv
util_suv_suv,Household already owns an SUV -- SUV,(num_hh_SUV > 0) & (body_type_num_coded == 4),coef_suv_suv
util_suv_pu,Household already owns an SUV -- Pickup,(num_hh_SUV > 0) & (body_type_num_coded == 3),coef_suv_pu
util_suv_mc,Household already owns an SUV -- Motorcycle,(num_hh_SUV > 0) & (body_type_num_coded == 2),coef_suv_mc
util_van_pu,Household already owns a Pickup -- Van (symmetrical with above),(num_hh_Pickup > 0) & (body_type_num_coded == 5),coef_van_pu
util_suv_pu,Household already owns a Pickup -- SUV (symmetrical with above),(num_hh_Pickup > 0) & (body_type_num_coded == 4),coef_suv_pu
util_pu_pu,Household already owns a Pickup -- Pickup,(num_hh_Pickup > 0) & (body_type_num_coded == 3),coef_pu_pu
util_pu_mc,Household already owns a Pickup -- Motorcycle,(num_hh_Pickup > 0) & (body_type_num_coded == 2),coef_pu_mc
util_van_mc,Household already owns a Motorcycle -- Van (symmetrical with above),(num_hh_Motorcycle > 0) & (body_type_num_coded == 5),coef_van_mc
util_suv_mc,Household already owns a Motorcycle -- SUV (symmetrical with above),(num_hh_Motorcycle > 0) & (body_type_num_coded == 4),coef_suv_mc
util_pu_mc,Household already owns a Motorcycle -- Pickup (symmetrical with above),(num_hh_Motorcycle > 0) & (body_type_num_coded == 3),coef_pu_mc
util_mc_mc,Household already owns a Motorcycle -- Motorcycle,(num_hh_Motorcycle > 0) & (body_type_num_coded == 2),coef_mc_mc
util_only_van,Household only owns Vans,(num_hh_Van > 0) & (num_hh_Van == num_hh_veh_owned) & (body_type_num_coded == 5),coef_only_van
util_only_suv,Household only owns SUVs,(num_hh_SUV > 0) & (num_hh_SUV == num_hh_veh_owned) & (body_type_num_coded == 4),coef_only_suv
util_only_pu,Household only owns Pickups,(num_hh_Pickup > 0) & (num_hh_Pickup == num_hh_veh_owned) & (body_type_num_coded == 3),coef_only_pu
util_only_mc,Household only owns Motorcycles,(num_hh_Motorcycle > 0) & (num_hh_Motorcycle == num_hh_veh_owned) & (body_type_num_coded == 2),coef_only_mc
#,constants,,
util_van,Van ASC,(body_type_num_coded == 5),coef_van
util_suv,SUV ASC,(body_type_num_coded == 4),coef_suv
util_pu,Pickup ASC,(body_type_num_coded == 3),coef_pu
util_mc,Motorcycle ASC,(body_type_num_coded == 2),coef_mc
util_age2,Age 2 ASC,(age==2),coef_age2
util_age3,Age 3 ASC,(age==3),coef_age3
util_age4,Age 4 ASC,(age==4),coef_age4
util_age5,Age 5 ASC,(age==5),coef_age5
util_age6,Age 6 ASC,(age==6),coef_age6
util_age7,Age 7 ASC,(age==7),coef_age7
util_age8,Age 8 ASC,(age==8),coef_age8
util_age9,Age 9 ASC,(age==9),coef_age9
util_age10,Age 10 ASC,(age==10),coef_age10
util_age11,Age 11 ASC,(age==11),coef_age11
util_age12,Age 12 ASC,(age==12),coef_age12
util_age13,Age 13 ASC,(age==13),coef_age13
util_age14,Age 14 ASC,(age==14),coef_age14
util_age15,Age 15 ASC,(age==15),coef_age15
util_age16,Age 16 ASC,(age==16),coef_age16
util_age17,Age 17 ASC,(age==17),coef_age17
util_age18,Age 18 ASC,(age==18),coef_age18
util_age19,Age 19 ASC,(age==19),coef_age19
util_age20,Age 20 ASC,(age==20),coef_age20
#,rural household coefficients,,
util_rural_van,Household is in Rural Area - Van,rural & (body_type_num_coded == 5),coef_rural_van
util_rural_suv,Household is in Rural Area - SUV,rural & (body_type_num_coded == 4),coef_rural_suv
util_rural_pu,Household is in Rural Area - Pickup,rural & (body_type_num_coded == 3),coef_rural_pu
util_rural_mc,Household is in Rural Area - Motorcycle,rural & (body_type_num_coded == 2),coef_rural_mc
util_rural_age,Household is in Rural Area - Age,rural * age,coef_rural_age
#,MSA population coefficients,,
util_smsa_van,MSA population less than 1 million - Van,@(MSA_POP < 1000000) * (df.body_type_num_coded == 5),coef_smsa_van
util_smsa_suv,MSA population less than 1 million - SUV,@(MSA_POP < 1000000) * (df.body_type_num_coded == 4),coef_smsa_suv
util_smsa_pu,MSA population less than 1 million - Pickup,@(MSA_POP < 1000000) * (df.body_type_num_coded == 3),coef_smsa_pu
util_smsa_mc,MSA population less than 1 million - Motorcycle,@(MSA_POP < 1000000) * (df.body_type_num_coded == 2),coef_smsa_mc
util_smsa_age,MSA population less than 1 million - Age,@(MSA_POP < 1000000) * df.age,coef_smsa_age
#,Region Specific Constants,,
util_oreg_van,Oregon - Van,@(df.body_type_num_coded == 5),coef_oreg_van
util_oreg_suv,Oregon - SUV,@(df.body_type_num_coded == 4),coef_oreg_suv
util_oreg_pu,Oregon - Pickup,@(df.body_type_num_coded == 3),coef_oreg_pu
util_oreg_mc,Oregon - Motorcycle,@(df.body_type_num_coded == 2),coef_oreg_mc
util_oreg_age,Oregon - Age,@df.age,coef_oreg_age
