model_selector,segment,TOTHHS,TOTPOP,EMP_NRM,EMP_CON,EMP_MFG,EMP_WT,EMP_TWU,EMP_RET,EMP_IFRPBS,EMP_HCS,EMP_OSV,EMP_GOV,EMP_EDU,EMP_AER,EMP_AFS,EMP_TOTAL,ENROLLGRADEKto8,ENROLLGRADE9to12,COLLEGEENROLL,PARKATTRACT,ACRES,EXTERNAL
workplace,mngt_busi_sci_health,0,0,0.023150473,0.105478261,0.033921273,0.520588696,0.019155288,0.063194096,1,0.12997306,0.101893393,0.357056089,0.046020203,0.044384337,0.014582422,0,0,0,0,0,0,0
workplace,services,0,0,0.011768937,0.051276887,0.174045033,1,0.206618229,0.914135674,0.494698223,0.170534494,0.142953744,0.337702324,0.048183584,0.052183296,0.031177613,0,0,0,0,0,0,0
workplace,sales_retail,0,0,0.03214445,0.013782902,0.002031041,0.064277161,0.007689779,0.04669046,0.477412008,0.145096152,0.403566649,0.565075489,0.264904083,0.154746531,0.079950222,0,0,0,0,0,0,0
workplace,nat_res_cnstr_maint,0,0,0.114467809,1,0.019444044,0.053921216,0.042038744,0.057720006,0.149701138,0.007849633,0.160935475,0.137710644,0.014673052,0.021406453,0.007723607,0,0,0,0,0,0,0
workplace,prod_trans_move,0,0,0.044941354,0.059838173,0.160289782,0.055761149,0.692090573,0.577996613,0.289719626,0.051119614,0.300100358,0.169102427,0.010851157,0.045537226,0.039515775,0,0,0,0,0,0,0
workplace,missing,0,0,0.03214445,0.013782902,0.002031041,0.064277161,0.007689779,0.04669046,0.477412008,0.145096152,0.403566649,0.565075489,0.264904083,0.154746531,0.079950222,0,0,0,0,0,0,0
school,preschool,0,0.1888,0,0,0,0,0,0,0,1,1,1,1,0,0,0,0,0,0,0,0,0
school,gradeschool,0,0,0,0,0,0,0,0,0,0,0,0,0,0,0,0,1,0,0,0,0,0
school,highschool,0,0,0,0,0,0,0,0,0,0,0,0,0,0,0,0,0,1,0,0,0,0
school,university,0,0,0,0,0,0,0,0,0,0,0,0,0,0,0,0,0,0,1,0,0,0
non_mandatory,escort,1,0,0,0,0,0,0,0,0,0,0,0,0,0,0,1,0,0,0,0.1,0.001,0.001
non_mandatory,shopping,0.01,0,0,0,0,0,0,1,0.1,0,0,0,0,0,0,0,0,0,0,0.1,0.001,0.001
non_mandatory,othmaint,0.01,0,0.1,0.1,0.1,0.1,0.1,1.60296,0.42255,0.42255,0.1,0.24001,0.1,0.1,0.1,0,0,0,0,0.1,0.001,0.001
non_mandatory,eatout,0.5512,0,0.1,0.1,0.1,0.1,0.1,0.1,0.1,0.1,0.1,0.1,0.1,0.1,1,0,0,0,0,0.1,0.001,0.001
non_mandatory,social,0.3006,0,0.1,0.1,0.1,0.1,0.1,0.1,0.1,0.1,0.1,0.1,0.1,0.1,0.1,0,0,0,0,0.1,0.001,0.001
non_mandatory,othdiscr,0.04333,0,0,0,0,0.004465,0,0.042025,0.004465,0,1,0.005953,0,0.20337,0.03453,0,0.03167,0.05136,0.02258,3.71685,0.001,0.001
atwork,atwork,0,0,0.1,0.1,0.1,0.1,0.1,0.104,0.0145,0.1,0.1,0.1,0.1,0.1,0.1,0,0,0,0,0,0.001,0.001
trip,work,0,0,0,0,0,0,0,0,0,0,0,0,0,0,0,1,0,0,0,0,0,0
trip,escort,1,0,0,0,0,0,0,0,0,0,0,0,0,0,0,1,0,0,0,0.1,0,0
trip,shopping,0.000001,0,0,0,0,0,0,0.375,0,0,0,0,0,0,0,0.0001,0,0,0,0.1,0,0
trip,othmaint,0.000001,0,0,0,0,0,0,1.2379255,0.025,1.464014,0,0.661904,0,0,0,0.0001,0,0,0,0.1,0,0
trip,eatout,0.010162,0,0,0,0,0,0,0.0689145,0,0,0,0,0,0,0,0,0,0,0,0.1,0,0
trip,social,0.495249,0,0,0,0,0,0,0,0,0,0,0,0,0,0,0,0,0,0,0.1,0,0
trip,othdiscr,0.027342,0,0,0,0,0,0,0.0194215,0,0,1,0,0,0.473744,0.092343,0,0,0,0,3.71685,0,0
trip,univ,0,0,0,0,0,0,0,0,0,0,0,0,0,0,0,0,0,0,1,0,0,0
trip,school,0,0,0,0,0,0,0,0,0,0,0,0,0,0,0,0,1,1,1,0,0,0
# needed for estimation mode as school can be chosen as an intermediate trip destination,,,,,,,,,,,,,,,,,,,,,,,
#trip,gradeschool,0,,,,,,,,,,,,,,,,,,,,,
#trip,highschool,0,,,,,,,,,,,,,,,,,,,,,
external_workplace,external_workplace,0,0,0,0,0,0,0,0,0,0,0,0,0,0,0,0,0,0,0,0,0,1
external_nonwork,external_nonwork,0,0,0,0,0,0,0,0,0,0,0,0,0,0,0,0,0,0,0,0,0,1
external_non_mandatory,escort,0,0,0,0,0,0,0,0,0,0,0,0,0,0,0,0,0,0,0,0,0,1
external_non_mandatory,shopping,0,0,0,0,0,0,0,0,0,0,0,0,0,0,0,0,0,0,0,0,0,1
external_non_mandatory,othmaint,0,0,0,0,0,0,0,0,0,0,0,0,0,0,0,0,0,0,0,0,0,1
external_non_mandatory,eatout,0,0,0,0,0,0,0,0,0,0,0,0,0,0,0,0,0,0,0,0,0,1
external_non_mandatory,social,0,0,0,0,0,0,0,0,0,0,0,0,0,0,0,0,0,0,0,0,0,1
external_non_mandatory,othdiscr,0,0,0,0,0,0,0,0,0,0,0,0,0,0,0,0,0,0,0,0,0,1
